,Lon,Lat,City nbr,City,wind,temp,humidity,clouds
0,152.39870445189433,-81.14753860397198,0.0,bluff,9.13,65.56,89.0,80.0
1,24.767721397130828,-69.04296469616474,1.0,bredasdorp,17.22,75.2,44.0,0.0
2,-100.17748447147187,-0.22937220574500827,2.0,puerto ayora,5.82,80.6,74.0,20.0
3,41.72350649327987,46.03241046212497,3.0,pregradnoye,5.77,57.64,63.0,0.0
4,-95.54134387414292,83.5639894270688,4.0,qaanaaq,5.32,9.4,100.0,68.0
5,-102.61050972775924,7.633811473263165,5.0,acapulco,3.76,80.6,69.0,5.0
6,0.6947864813041917,-2.3900540580369523,6.0,takoradi,9.91,82.21,89.0,0.0
8,-14.055471810106582,-47.817461272129165,8.0,jamestown,6.78,61.42,52.0,12.0
9,179.03369842783297,21.64842054125117,9.0,butaritari,13.33,83.11,100.0,88.0
11,-40.707733823376884,74.27213535945691,11.0,tasiilaq,3.36,33.8,80.0,75.0
12,83.80203958986607,-73.4343654621336,12.0,busselton,16.4,67.18,100.0,88.0
13,140.5998800384828,-1.8118427624938391,13.0,vanimo,15.17,84.19,100.0,20.0
14,136.631567588378,68.5061579989893,14.0,ust-kuyga,3.53,13.99,90.0,24.0
16,-75.9375663003447,54.01382208856876,16.0,chapais,10.29,30.2,63.0,1.0
17,96.21057377923546,15.350858974099992,17.0,pyapon,10.58,84.37,68.0,0.0
18,-71.69644930343992,-23.38460147594644,18.0,antofagasta,6.93,64.4,72.0,75.0
19,-80.14700853278651,17.20231001442366,19.0,lucea,11.41,82.4,74.0,40.0
20,-132.35075608048965,-16.27483779694714,20.0,rikitea,9.53,76.54,100.0,64.0
22,-70.87250060210755,59.702740060554504,22.0,iqaluit,16.11,23.0,67.0,20.0
24,-6.72217823978005,20.246211621568676,24.0,araouane,4.61,102.55,14.0,0.0
25,-138.2977834238548,65.29238016056374,25.0,mayo,8.05,28.4,63.0,20.0
26,96.47721579074823,18.682835126410637,26.0,pyu,4.54,85.27,43.0,44.0
27,152.26918420561668,13.448927338929323,27.0,kavieng,7.78,83.29,100.0,80.0
28,125.38385360354374,56.54514370904673,28.0,chulman,3.31,20.56,71.0,56.0
32,103.7016529673844,-78.08557241831373,32.0,albany,9.17,43.86,42.0,20.0
33,-62.043940098665416,-15.242664113152046,33.0,urubicha,2.98,87.07,67.0,20.0
34,31.658858029432594,84.79668176240713,34.0,berlevag,5.82,26.6,68.0,0.0
36,158.67094303717863,-38.601169440115605,36.0,kiama,4.7,55.4,100.0,40.0
37,170.16819340254477,-43.06129218226719,37.0,hokitika,15.57,54.22,97.0,0.0
39,-91.84267213592992,55.75644292802923,39.0,sioux lookout,3.36,43.84,48.0,40.0
40,-20.64903040562797,-10.852160742756013,40.0,georgetown,9.17,82.4,78.0,75.0
42,-158.13222118474343,69.2557817529514,42.0,barrow,5.61,76.27,76.0,0.0
43,-106.58013244269053,26.411044454059052,43.0,guadalupe y calvo,2.08,60.07,32.0,24.0
44,-170.46811341568542,-80.06935901071117,44.0,vaini,4.09,83.74,41.0,32.0
45,74.25535035378499,-15.310174029418832,45.0,hithadhoo,16.28,84.46,100.0,64.0
46,80.02849514698562,28.937840789147927,46.0,khatima,5.5,72.31,48.0,0.0
48,-34.51885025564829,11.303301892549285,48.0,sao filipe,13.78,71.32,94.0,0.0
49,-83.95451157872222,18.512152752324866,49.0,west bay,10.29,66.9,63.0,20.0
50,-42.46343679895264,3.248492371086641,50.0,cururupu,8.3,86.98,75.0,36.0
51,-177.18905466378126,35.36658964838125,51.0,kapaa,13.87,68.54,83.0,40.0
52,48.63355471782094,47.46891459505852,52.0,aksarayskiy,17.9,59.0,48.0,75.0
53,-48.437991881704335,-69.7582293862427,53.0,ushuaia,5.82,43.79,60.0,40.0
55,82.52794981098185,34.8253199355341,55.0,leh,0.29,7.24,73.0,48.0
56,-113.77453951619896,43.40642001427662,56.0,hailey,10.29,37.4,59.0,5.0
60,-93.65861853378226,50.580790489692134,60.0,kenora,5.82,39.81,65.0,20.0
63,-24.110371338549186,16.02892695862836,63.0,ribeira brava,19.46,66.2,68.0,40.0
64,103.71856597351729,16.90195940477396,64.0,khao wong,3.36,84.2,70.0,20.0
65,116.02188147268987,-17.131175854213765,65.0,karratha,4.83,72.49,67.0,0.0
67,40.1374312523194,73.1212302277084,67.0,ostrovnoy,3.71,21.28,93.0,0.0
68,21.667583261600754,60.481213162899024,68.0,naantali,19.46,50.0,53.0,64.0
69,69.94238305550152,9.380266484030756,69.0,kavaratti,4.99,87.07,100.0,24.0
70,-38.93058156270527,-55.37506465501467,70.0,mar del plata,19.86,61.69,47.0,68.0
72,-144.90824919228177,-65.29406417776822,72.0,mataura,13.94,46.21,76.0,92.0
74,-12.658624403864252,-63.05253205155741,74.0,cape town,13.87,71.6,43.0,0.0
75,173.7763143853282,35.661165082256076,75.0,nikolskoye,22.37,41.0,86.0,90.0
77,-70.52902662177165,30.031004077835604,77.0,hamilton,11.41,66.2,52.0,40.0
79,-64.2291541637012,45.675764559227844,79.0,amherst,12.75,39.2,55.0,40.0
80,70.19673515062453,57.01601054140497,80.0,vikulovo,25.12,61.87,63.0,48.0
81,117.28707304509703,22.518159796869554,81.0,haimen,13.94,67.54,79.0,12.0
82,46.05858393311499,-17.538335651983033,82.0,fenoarivo,10.29,75.2,60.0,40.0
85,-132.2919803895261,26.572781855156975,85.0,lompoc,8.05,46.74,100.0,0.0
87,91.54208675586375,81.35566085662401,87.0,talnakh,8.75,14.89,85.0,64.0
88,146.13364650744143,-60.54766560074401,88.0,hobart,1.86,51.8,93.0,0.0
89,145.98105261776612,46.38732467259459,89.0,kurilsk,15.95,35.59,96.0,32.0
91,-69.36010894842283,37.895861482280026,91.0,nantucket,14.99,47.48,52.0,1.0
92,-168.41815360926765,51.316131143616246,92.0,bethel,4.7,30.2,92.0,90.0
93,-7.450629804934238,57.52150655017627,93.0,portree,17.4,50.89,79.0,76.0
95,85.64647415935053,-35.541537386611836,95.0,geraldton,3.38,42.8,33.0,5.0
96,115.35386634780832,-13.199905270955938,96.0,denpasar,0.81,73.66,100.0,44.0
98,-68.48257325156958,70.22716949030658,98.0,clyde river,6.62,10.4,66.0,1.0
100,123.21217128935984,63.71309112664511,100.0,kysyl-syr,2.98,21.73,73.0,68.0
101,-134.20496478572593,49.502067300141306,101.0,prince rupert,9.17,42.8,81.0,90.0
102,18.173073923035247,46.18654925100881,102.0,komlo,3.36,73.4,25.0,0.0
103,110.787885609525,-25.416141917488403,103.0,carnarvon,10.42,74.11,24.0,0.0
104,45.79303954371494,-19.162994985216812,104.0,tsiroanomandidy,2.26,67.18,87.0,48.0
105,-102.72687328390266,-45.7448712663787,105.0,castro,10.31,54.22,93.0,92.0
106,21.362963422271207,87.67641696617937,106.0,longyearbyen,13.87,26.6,79.0,90.0
114,112.56818402954639,88.92434831054277,114.0,saskylakh,10.25,9.13,70.0,0.0
115,63.37799885250996,-28.68381107489496,115.0,mahebourg,12.75,80.6,74.0,75.0
117,-2.623639340587715,-36.34886193478268,117.0,luderitz,8.79,64.93,86.0,0.0
119,135.72700952455023,39.4609073961297,119.0,wajima,6.33,56.11,83.0,0.0
122,173.029841772012,-46.643667545041396,122.0,waitati,17.69,43.51,75.0,8.0
123,-116.92716343190943,59.87970467433854,123.0,high level,4.7,39.2,60.0,90.0
124,-76.2516453952483,-4.173232293721853,124.0,barranca,2.53,64.21,99.0,64.0
125,42.15868974412882,8.042837957516781,125.0,harer,3.53,42.34,49.0,0.0
126,15.750178885333128,53.88580580997407,126.0,swidwin,11.41,62.6,36.0,0.0
127,-116.22688819012308,-8.556859276305346,127.0,atuona,17.18,80.95,100.0,0.0
128,-163.48213642761527,-42.5288892440346,128.0,avarua,15.35,78.88,100.0,24.0
132,120.15733484083768,26.25078384520539,132.0,jiaocheng,2.59,68.35,79.0,44.0
135,123.18083934359731,71.73033507557943,135.0,zhigansk,3.98,20.47,78.0,68.0
136,95.6939028501539,58.31693584444224,136.0,motygino,8.52,44.23,76.0,92.0
138,166.07790124943494,29.40420816376937,138.0,severo-kurilsk,15.57,30.82,100.0,92.0
141,-78.2459911851235,11.324792023953648,141.0,tigre,6.93,71.6,83.0,75.0
142,-105.75541582760768,57.43573324713523,142.0,la ronge,5.82,39.2,80.0,75.0
143,-96.14309197929921,53.91003021120437,143.0,thompson,5.82,42.8,52.0,20.0
144,-19.722727001530814,44.690822638424066,144.0,vila franca do campo,12.75,66.2,72.0,75.0
145,155.90981366303959,-22.01061354376033,145.0,hervey bay,11.77,71.86,100.0,32.0
147,29.66205500532402,-47.39089192389351,147.0,port alfred,10.92,74.29,78.0,36.0
148,112.83312307826782,-12.119301438843678,148.0,ambulu,4.27,77.8,100.0,92.0
149,-20.384201646170936,-44.05244658993118,149.0,arraial do cabo,9.17,79.68,65.0,40.0
150,17.5659114694829,-42.30104241833291,150.0,hermanus,4.21,70.96,41.0,0.0
151,167.30128288797454,-35.54213425599569,151.0,ahipara,13.15,62.41,100.0,92.0
152,-64.75667715089209,51.306817970956786,152.0,havre-saint-pierre,11.41,35.6,55.0,75.0
154,-109.20695731063836,1.9343109175153756,154.0,ixtapa,2.48,73.57,63.0,24.0
155,-128.46197063050295,48.81330886263504,155.0,port hardy,5.82,39.2,93.0,75.0
156,34.53281312115658,-69.91182102773038,156.0,port elizabeth,9.17,48.81,42.0,1.0
158,-102.23508476671175,42.31010051693653,158.0,scottsbluff,3.36,33.8,100.0,90.0
160,6.5021287174132,-8.366135961156786,160.0,soyo,7.0,89.86,55.0,68.0
161,70.99805299313226,-46.890769402501085,161.0,souillac,8.05,82.4,28.0,0.0
163,6.902853423648793,37.57507191764802,163.0,constantine,9.17,73.4,56.0,40.0
165,152.98594184487223,-18.29287008548988,165.0,mackay,3.36,37.4,64.0,90.0
166,-73.91417225049656,-9.27236112820681,166.0,pucallpa,4.7,78.8,83.0,75.0
167,174.34994676315603,-63.85964820478645,167.0,kaitangata,18.59,45.04,79.0,48.0
168,-121.76510711856764,64.18654167855448,168.0,norman wells,4.7,8.6,71.0,75.0
171,81.65914836116366,-32.539691989233496,171.0,bambous virieux,12.75,80.6,74.0,75.0
174,-79.16775494361652,40.86380727162873,174.0,indiana,3.09,40.96,52.0,1.0
175,-110.52429120631007,-77.11284559567432,175.0,punta arenas,5.82,40.05,100.0,75.0
177,46.80201665763093,-55.92241358381371,177.0,east london,10.29,75.2,64.0,0.0
178,14.545765969841597,33.96593866062068,178.0,masallatah,11.81,76.45,30.0,0.0
179,-121.1594348174732,38.408872836498546,179.0,galt,2.59,49.08,81.0,1.0
180,174.0364735831696,-27.973932419892996,180.0,kaeo,8.86,58.18,97.0,48.0
181,159.96486355303426,61.781073557158464,181.0,evensk,11.1,31.54,90.0,88.0
182,96.78969930711719,-1.2032310685268328,182.0,sibolga,0.81,70.87,100.0,44.0
183,142.51160626770684,-39.33450101415002,183.0,warrnambool,7.29,60.07,98.0,44.0
184,142.21082378244864,-14.311318824568673,184.0,mareeba,8.05,75.2,73.0,8.0
191,110.15756867987528,6.857215868933864,191.0,miri,1.52,93.1,40.0,8.0
193,156.44135943367513,-38.23127608337812,193.0,ulladulla,4.7,55.4,100.0,40.0
197,-77.71135152212904,44.60571206408963,197.0,marmora,3.36,77.0,25.0,0.0
198,108.34739079629958,-2.7005389124547463,198.0,manggar,2.98,78.07,99.0,12.0
200,128.39704624931932,9.394459848123432,200.0,bacolod,5.88,77.26,93.0,48.0
203,130.4920661358625,83.07711885328212,203.0,tiksi,4.05,22.45,86.0,88.0
204,53.123113318607324,-16.243044025515516,204.0,antalaha,8.12,79.33,92.0,80.0
205,-75.1497717446553,12.819678359236676,205.0,puerto colombia,16.11,84.2,74.0,40.0
208,72.79593298271612,33.456257677300485,208.0,rawalpindi,11.41,73.4,43.0,0.0
210,-140.7347062738229,52.43869763998538,210.0,sitka,12.55,47.2,100.0,92.0
212,76.20856037266344,20.602025887447923,212.0,buldana,8.57,87.43,29.0,0.0
215,-69.95725609982082,-35.73197007835777,215.0,molina,5.82,55.4,87.0,20.0
218,-169.67740660245994,62.447476416904664,218.0,lavrentiya,21.39,18.94,97.0,0.0
219,-126.83410438952748,41.85579840600326,219.0,eureka,7.34,41.0,86.0,1.0
220,-42.25148081219476,10.697397822885904,220.0,cayenne,2.24,75.2,100.0,76.0
221,61.31259919280717,-8.501043030131129,221.0,victoria,6.85,77.0,100.0,75.0
222,-74.6703378290358,35.92867289653414,222.0,virginia beach,8.05,52.95,57.0,75.0
223,26.684709470451168,50.32217367265315,223.0,netishyn,26.84,77.0,27.0,40.0
224,-115.61791446656954,72.02655410446522,224.0,yellowknife,8.05,12.2,66.0,40.0
225,-45.44025383321045,66.9958722253179,225.0,qasigiannguit,3.36,24.8,79.0,90.0
227,-49.70689771522885,-23.82328218392034,227.0,wenceslau braz,5.61,76.18,69.0,0.0
230,-153.7167986363432,57.355574111675395,230.0,kodiak,6.93,51.8,40.0,90.0
233,43.962479143609215,45.84762179686544,233.0,arshan,8.41,81.49,27.0,0.0
234,-35.01026855625585,22.809997264665228,234.0,ponta do sol,1.86,76.99,57.0,88.0
235,162.16049696769846,-27.687022247631766,235.0,noumea,9.8,69.8,88.0,0.0
236,-74.0554946886901,33.851534415705714,236.0,havelock,9.17,59.58,44.0,5.0
237,174.17013866364988,77.96500757993309,237.0,komsomolskiy,11.03,13.54,85.0,88.0
238,134.84254206183448,-37.24218535621425,238.0,port lincoln,8.52,63.04,97.0,0.0
240,-16.023122792147575,5.751094790190507,240.0,goderich,4.32,41.26,77.0,68.0
245,20.435856000466856,-14.062641199886698,245.0,luena,6.29,79.06,44.0,0.0
246,78.40248147330033,78.65070412565461,246.0,dikson,15.68,17.77,91.0,68.0
248,-117.19651036279117,42.665572232909,248.0,nampa,1.86,42.76,70.0,1.0
252,115.77469618714997,41.24738429960399,252.0,xuanhua,4.09,46.39,87.0,92.0
255,136.68181454576774,-4.62202824294053,255.0,nabire,1.97,68.62,98.0,92.0
256,47.93203111259865,-2.408015745905601,256.0,mogadishu,6.55,83.29,100.0,0.0
257,-44.142949228766014,-11.174859874319196,257.0,formosa do rio preto,7.74,86.17,52.0,48.0
258,-96.42335655651407,19.990271868898574,258.0,emilio carranza,5.77,75.91,78.0,0.0
261,169.8146850645732,-39.27327126044326,261.0,westport,16.11,57.2,50.0,75.0
262,21.162359444809425,-24.86699854567901,262.0,hukuntsi,4.5,88.06,15.0,0.0
267,96.10748067114702,3.752255131871763,267.0,meulaboh,2.59,79.87,100.0,48.0
270,124.10744132964754,30.260193699585614,270.0,shenjiamen,16.62,63.94,94.0,88.0
271,-56.89552569427322,33.625333979591446,271.0,saint george,12.75,69.8,28.0,20.0
272,168.4778321094883,57.896479285481945,272.0,tilichiki,8.01,27.31,86.0,76.0
274,139.1064535175882,13.128710123363305,274.0,airai,1.81,67.99,88.0,12.0
275,121.27298263963303,2.239431353046328,275.0,gorontalo,2.08,74.83,95.0,24.0
276,111.99332503998096,1.6346778842596166,276.0,sri aman,2.3,77.0,94.0,75.0
279,-105.89775553765755,13.574129086474983,279.0,coahuayana,2.82,78.79,43.0,0.0
282,57.339333515709825,31.65505873495647,282.0,ravar,2.59,72.04,10.0,76.0
290,-17.46123338537072,62.50391098968112,290.0,hofn,10.29,44.6,81.0,90.0
295,-101.51112652970151,51.01629300676362,295.0,langenburg,10.92,35.14,94.0,32.0
298,-2.6479839225665387,50.84148545129702,298.0,yeovil,12.75,67.64,68.0,48.0
299,135.70684960456674,68.50248893067268,299.0,batagay,3.2,25.69,78.0,68.0
303,120.57362083570939,-34.845672993059736,303.0,esperance,16.11,84.2,70.0,40.0
304,-82.07619140298623,-50.36043432008498,304.0,coihaique,6.93,52.39,62.0,40.0
313,42.23188526704712,-18.53321346543065,313.0,morondava,9.53,83.83,75.0,0.0
314,25.834115048816102,-41.698517627085224,314.0,kruisfontein,6.4,70.06,65.0,0.0
315,177.45044524450765,59.69976865104982,315.0,beringovskiy,12.37,23.26,88.0,44.0
317,-119.19992735718085,44.902635820897785,317.0,pendleton,5.82,57.76,47.0,1.0
319,166.16418665416603,-25.745729411548695,319.0,vao,15.95,50.71,59.0,36.0
320,56.173008809111735,39.07145497937921,320.0,gazanjyk,7.78,70.96,38.0,0.0
324,-58.5340827773926,21.93766930735532,324.0,codrington,5.06,62.23,100.0,92.0
327,-63.05828366424532,14.639984776070406,327.0,pointe michel,11.41,83.25,58.0,40.0
329,128.85061672186924,43.34773050707375,329.0,mingyue,4.61,45.13,95.0,92.0
330,-54.194207820957004,9.446333448731835,330.0,marienburg,8.05,69.8,37.0,0.0
331,-41.69039039690014,60.306975320242344,331.0,nanortalik,8.86,34.6,91.0,44.0
332,54.62271940845159,46.79997822092099,332.0,karaton,3.36,80.6,83.0,40.0
333,159.83894784668337,81.9112446361554,333.0,cherskiy,2.26,9.58,56.0,0.0
334,88.92097326796323,13.459256139098272,334.0,port blair,4.21,85.63,100.0,0.0
337,-76.57865315791072,45.68815749178839,337.0,shawville,4.05,41.17,54.0,0.0
340,-139.58421460935975,81.56706599299778,340.0,tuktoyaktuk,8.05,-13.09,75.0,20.0
343,30.07476521691777,39.500886645026895,343.0,kutahya,13.87,55.4,37.0,40.0
344,120.7270697264413,12.056756026397352,344.0,santa teresa,3.36,84.2,70.0,40.0
347,102.67335008165577,49.780948819259294,347.0,kholtoson,2.48,27.13,86.0,76.0
350,105.29965464193145,71.25831650347178,350.0,khatanga,19.04,25.06,87.0,88.0
351,9.435275458155274,6.48505381202817,351.0,wum,1.03,74.38,94.0,24.0
355,-134.25753615188307,52.972454493838,355.0,ketchikan,8.01,37.96,93.0,90.0
356,147.1034200814541,61.81945198410105,356.0,myaundzha,2.59,13.99,82.0,76.0
358,143.49283815829426,-42.166045901106855,358.0,burnie,10.36,60.52,100.0,64.0
359,130.3306559962034,-59.20307383053451,359.0,new norfolk,2.37,51.8,93.0,0.0
361,-47.41471560893169,-2.6459360165815866,361.0,paragominas,4.54,87.97,85.0,8.0
364,9.09847477721658,-3.620998092215075,364.0,gamba,1.86,18.94,76.0,44.0
368,118.42993775644146,25.175898919378113,368.0,ximei,2.71,71.6,94.0,40.0
369,30.388514719928367,60.11843016800489,369.0,bugry,22.37,41.0,86.0,90.0
374,43.909128869238685,68.04929725032883,374.0,kamenka,19.53,53.77,69.0,80.0
376,129.42983118741296,65.75230428408366,376.0,batagay-alyta,4.5,19.93,81.0,80.0
379,-155.05329072041397,-0.2604304024292219,379.0,faanui,5.21,81.76,100.0,36.0
380,-105.15614209354514,23.324480838885364,380.0,pueblo nuevo,2.82,74.02,52.0,64.0
387,-159.09644832234198,7.612612930729924,387.0,hilo,5.82,55.85,83.0,20.0
393,-49.74538831521576,1.4430657886295108,393.0,amapa,1.03,78.8,94.0,40.0
395,93.80026398460092,-4.151035626534451,395.0,padang,4.27,82.93,100.0,20.0
398,11.680834640359961,-0.37474338683654196,398.0,booue,2.37,88.87,62.0,8.0
400,160.19281434181818,-34.37013496047476,400.0,port macquarie,8.05,60.8,87.0,92.0
401,133.40631167220232,1.270762809794121,401.0,manokwari,5.99,79.15,100.0,68.0
402,163.1257956309355,-40.944211099806985,402.0,te anau,3.09,38.47,93.0,80.0
403,-45.69207852687657,84.92826678088494,403.0,upernavik,11.43,19.84,100.0,48.0
416,150.08956638284621,83.42357037701817,416.0,chokurdakh,3.09,12.91,78.0,76.0
417,-47.600238692827475,2.202968878347505,417.0,salinopolis,11.88,84.01,96.0,0.0
418,-45.20579399233014,48.92598952345668,418.0,torbay,21.92,39.2,77.0,75.0
420,17.99480274337543,-17.44050125686867,420.0,eenhana,3.36,91.4,29.0,0.0
421,65.11753051203385,-46.09903401004177,421.0,saint-philippe,11.41,44.15,45.0,1.0
425,110.92410621809103,42.02465621111904,425.0,hohhot,13.42,57.2,58.0,20.0
429,138.72979400210676,-47.20556001154116,429.0,portland,4.7,46.58,76.0,90.0
431,-86.00830998672656,2.249375933143085,431.0,san cristobal,12.75,57.2,76.0,75.0
432,-0.22938124218984512,70.3905567899944,432.0,raudeberg,5.82,48.76,87.0,92.0
433,161.43835210052657,-25.957248127841297,433.0,poya,6.89,75.64,100.0,24.0
436,168.33063188615927,-6.441785961996999,436.0,lata,1.52,45.67,84.0,0.0
439,110.74839853939051,-9.631855433820306,439.0,bambanglipuro,2.75,72.85,99.0,48.0
440,-132.79460211092047,57.55281840635203,440.0,juneau,2.04,30.2,100.0,75.0
441,119.64941702176606,25.621133035451976,441.0,rongcheng,10.13,54.94,95.0,92.0
443,165.44172105539502,68.84081899506788,443.0,bilibino,2.37,10.84,76.0,0.0
447,103.48117444441533,40.946026682946496,447.0,jinchang,4.88,49.72,54.0,8.0
448,38.06017716292547,27.625125413287293,448.0,tabuk,1.97,67.27,90.0,0.0
450,102.07997787487528,26.467452182032645,450.0,panzhihua,6.55,72.94,36.0,0.0
451,52.84288811354773,-23.952948034593348,451.0,saint-leu,5.73,79.66,78.0,75.0
459,-121.84524406339804,53.7982557260226,459.0,prince george,14.99,41.0,97.0,90.0
461,123.64839748436202,18.72979819180803,461.0,san vicente,11.41,81.5,61.0,0.0
463,-5.278246868544159,67.91880911395594,463.0,klaksvik,12.75,44.6,100.0,92.0
466,170.04268010159757,72.746746850889,466.0,pevek,5.32,15.34,65.0,36.0
467,99.12326465577354,46.09468199888579,467.0,hovd,27.51,43.66,75.0,75.0
468,152.57816961148882,-26.994476676917124,468.0,caboolture,9.17,61.48,82.0,0.0
473,149.40897148225537,-35.88066213692823,473.0,cooma,2.75,52.06,92.0,92.0
475,62.22740589239103,40.65034020080242,475.0,gazojak,10.42,74.92,33.0,80.0
476,-29.17845466072552,-8.555373451221698,476.0,olinda,5.82,84.2,58.0,0.0
477,161.2784086935461,-29.6242797630642,477.0,byron bay,12.75,68.0,77.0,40.0
478,-172.79584283937646,66.17387407027857,478.0,provideniya,22.06,20.02,100.0,0.0
480,28.917058276145752,78.79320879236684,480.0,mehamn,9.86,29.74,83.0,0.0
481,-29.696803124759526,52.98945331728186,481.0,grindavik,12.75,48.31,75.0,75.0
482,-54.08055798557584,-23.3202119167356,482.0,navirai,6.22,85.09,72.0,12.0
490,137.70307697592574,40.23512163786185,490.0,oga,5.88,84.46,95.0,20.0
492,-47.74973445458093,5.77802277436632,492.0,saint-georges,6.29,38.83,54.0,0.0
496,66.41272996837932,39.47174067133332,496.0,nurobod,2.24,71.6,74.0,0.0
497,-66.80011632269529,-38.44285604189359,497.0,general roca,4.09,64.4,55.0,0.0
498,159.36612232234256,50.2819689954334,498.0,petropavlovsk-kamchatskiy,4.47,26.6,68.0,80.0
503,70.45596755713586,52.7984074045965,503.0,makinsk,17.13,50.44,77.0,44.0
504,11.50307045226387,45.61649003475844,504.0,caldogno,6.93,78.13,36.0,0.0
505,-75.96046174643412,-13.52312577801554,505.0,chincha alta,2.86,71.6,73.0,0.0
510,-93.91551877002637,33.734054871413846,510.0,texarkana,4.7,55.4,71.0,1.0
514,-64.18251901623375,82.55583565408091,514.0,narsaq,4.7,42.8,97.0,75.0
517,67.6704282729412,-12.441798406674124,517.0,grand gaube,12.75,80.6,74.0,75.0
518,-37.55311107664812,0.2487549643348359,518.0,trairi,17.63,81.13,100.0,24.0
521,-28.50452391608343,36.80374896612555,521.0,ribeira grande,10.29,66.2,77.0,40.0
522,-86.24460251123284,-36.36557881252751,522.0,lebu,3.53,58.63,93.0,80.0
535,55.14766891792729,-22.488335635380253,535.0,saint-joseph,6.93,76.55,38.0,0.0
536,133.0936558706718,-31.07928890740375,536.0,flinders,4.7,55.4,100.0,40.0
537,149.159329025832,-24.677420669386024,537.0,blackwater,5.82,68.56,72.0,20.0
538,-148.94807875626265,-12.022596707466903,538.0,fare,6.4,79.78,100.0,88.0
541,71.00362880345077,22.284280950847986,541.0,rajkot,9.57,85.72,23.0,0.0
548,136.2805744824446,0.9894665647911722,548.0,biak,3.09,77.8,100.0,12.0
549,-37.778011681038834,-2.60500908209535,549.0,caucaia,18.34,86.0,70.0,75.0
552,157.19733197129477,29.93628840856283,552.0,hasaki,4.7,57.31,93.0,0.0
557,-28.97022613387506,-54.690849731814346,557.0,chuy,11.14,72.76,99.0,36.0
560,-107.63194627714644,24.193378578986227,560.0,eldorado,2.19,66.2,68.0,40.0
561,140.5824717280713,64.18582426773449,561.0,ust-nera,2.08,12.91,79.0,64.0
564,-106.1727916095939,45.909398430115544,564.0,miles city,12.75,42.8,81.0,1.0
565,92.03922031164035,34.38235124176282,565.0,lasa,10.29,70.48,64.0,40.0
566,116.54079277163032,48.94426930076622,566.0,zabaykalsk,2.75,30.1,65.0,0.0
568,-69.04502935600995,22.91089224022791,568.0,cockburn town,17.85,79.24,96.0,88.0
575,74.66055866999125,57.942474695771494,575.0,tara,1.12,66.2,68.0,48.0
577,148.58604740875836,25.61476587611996,577.0,katsuura,0.96,54.76,84.0,0.0
579,-87.80006052944715,13.951559057914167,579.0,san antonio del norte,6.93,74.77,77.0,75.0
580,26.116837017482993,28.147609267175056,580.0,marsa matruh,11.41,68.0,60.0,20.0
588,-61.40239087992421,-15.167441465799655,588.0,san ignacio,2.24,50.0,100.0,90.0
590,-0.23802499754015116,23.442694699951645,590.0,tessalit,8.23,94.09,13.0,0.0
593,-22.03269972274208,-30.84809913237428,593.0,vila velha,18.34,86.0,70.0,75.0
595,-84.55185440204855,49.56536434029957,595.0,hornepayne,4.09,47.74,47.0,0.0
599,-59.81912715928766,9.335608887740747,599.0,mabaruma,8.23,84.73,73.0,44.0
601,134.32330985669967,24.20224269412246,601.0,naze,11.65,86.53,73.0,80.0
603,15.014900032180265,44.425875102439136,603.0,pag,6.93,72.63,35.0,0.0
608,-110.9442411300871,51.33792810700572,608.0,hanna,4.5,36.13,86.0,92.0
609,158.44468028168848,-36.89670738687544,609.0,nelson bay,4.7,60.8,93.0,40.0
621,-1.9640629585989302,-5.00239674124721,621.0,axim,12.66,81.13,100.0,8.0
625,145.72560273873478,37.39610217006195,625.0,kamaishi,7.4,58.18,50.0,0.0
627,-164.44943932249083,71.70561870663079,627.0,nome,12.75,64.8,68.0,75.0
634,-61.15219968594201,42.894656792209304,634.0,port hawkesbury,13.87,33.8,86.0,90.0
637,-65.96571943361414,66.0611203011212,637.0,pangnirtung,6.93,8.6,84.0,5.0
642,108.61387498845204,63.255787659258516,642.0,yerbogachen,9.64,37.03,63.0,64.0
644,-139.453572569275,37.38233386170022,644.0,fortuna,14.99,72.16,53.0,0.0
646,-117.79242547487227,54.50909928467078,646.0,valleyview,3.53,36.67,85.0,88.0
648,-156.72572029636916,19.443391679956108,648.0,kihei,12.75,69.49,83.0,1.0
650,163.12120630206095,-49.71100634941146,650.0,tuatapere,16.84,48.64,100.0,92.0
654,16.234196704326223,-25.109748835408723,654.0,maltahohe,4.61,84.19,12.0,0.0
655,-113.72664760386473,2.8388042328803778,655.0,san patricio,3.87,87.07,63.0,20.0
657,-61.81377501072866,44.48616906085584,657.0,antigonish,13.87,33.8,86.0,90.0
658,-112.99330207200713,26.266983091317186,658.0,mulege,3.71,64.3,41.0,36.0
661,120.3175951547426,3.4409080475963094,661.0,manuk mangkaw,4.21,84.46,100.0,8.0
663,24.23555703511957,-9.255875258744027,663.0,kamina,6.55,84.37,52.0,12.0
664,-84.19983924089107,50.86720280723594,664.0,hearst,3.49,44.5,55.0,0.0
666,86.73567797013413,58.464617464806366,666.0,pervomayskoye,15.9,50.53,69.0,76.0
667,42.41226591996596,46.429064340023075,667.0,yashalta,4.72,58.18,64.0,0.0
671,52.285207625824825,-21.393651255506683,671.0,saint-paul,9.17,79.27,20.0,0.0
672,9.915974817627387,66.86431959389921,672.0,rorvik,25.75,42.16,99.0,92.0
675,-65.02865108395977,9.041330853217573,675.0,zaraza,8.86,90.67,52.0,0.0
677,43.6770043662614,-7.05414235664044,677.0,kilindoni,12.37,83.47,97.0,56.0
680,43.38388984468716,-7.9724416618766725,680.0,mitsamiouli,8.05,87.8,66.0,40.0
681,-123.2014636285211,61.09640715810431,681.0,fort nelson,5.82,35.6,55.0,90.0
683,126.83738793194499,54.93056943247146,683.0,zeya,3.6,30.01,42.0,0.0
685,-61.18897885329787,-43.69750170208953,685.0,viedma,5.77,74.11,42.0,0.0
687,69.03492949558895,70.00330791184118,687.0,yar-sale,12.37,16.15,88.0,80.0
692,70.01014549853835,16.261704101447904,692.0,ratnagiri,16.69,85.54,93.0,0.0
693,-45.02359494754273,-29.807582505232695,693.0,imbituba,10.29,78.8,69.0,0.0
699,-36.83721373391393,6.477987051145149,699.0,itarema,9.24,81.22,98.0,64.0
701,92.28324034495068,48.81470350064774,701.0,ulaangom,1.36,21.01,75.0,0.0
704,5.8641409591891716,19.70893869487334,704.0,arlit,7.34,102.01,12.0,0.0
706,-6.50187381281296,25.46092075458492,706.0,taoudenni,8.57,101.47,12.0,0.0
710,162.52609002746584,-22.300198857295356,710.0,koumac,8.01,73.93,91.0,0.0
711,137.91448822269228,46.776234421528414,711.0,svetlaya,6.85,37.48,92.0,24.0
713,-78.94790430711967,-0.6616823844077118,713.0,saquisili,12.75,57.2,76.0,75.0
716,0.9348083323498599,59.28286229043894,716.0,lerwick,14.99,50.0,66.0,76.0
718,49.989205839735575,67.66497064695301,718.0,naryan-mar,3.71,13.18,83.0,24.0
720,119.58716207141777,-23.525482824761028,720.0,port hedland,6.93,78.8,88.0,0.0
721,-83.3200628613616,47.66585486651414,721.0,chapleau,3.49,44.6,30.0,5.0
726,36.405324650348604,12.990193171304753,726.0,doka,7.9,102.73,14.0,20.0
728,-153.32945783358406,-20.364600267366455,728.0,moerai,16.4,76.09,100.0,92.0
730,71.30400343358309,64.0672157027135,730.0,nadym,11.03,10.03,81.0,8.0
731,144.51445197880446,-34.52964943122369,731.0,deniliquin,2.86,52.69,79.0,0.0
732,-60.13401786002329,49.00067809943505,732.0,stephenville,9.17,57.2,87.0,90.0
734,152.21424909866943,65.42992013305732,734.0,zyryanka,2.26,16.69,76.0,0.0
740,-93.49466383849304,36.221605343240114,740.0,harrison,3.36,48.9,37.0,1.0
743,109.10120855237813,-9.282773963156501,743.0,gombong,1.19,72.4,98.0,80.0
745,68.54341555257855,18.82099779548021,745.0,veraval,8.05,79.39,39.0,0.0
747,-105.18754371892254,13.44479279093217,747.0,lazaro cardenas,9.42,63.31,18.0,0.0
748,-146.37689280320674,34.99469470746219,748.0,kahului,12.75,69.42,83.0,1.0
753,140.91786894371046,52.7639580614254,753.0,nikolayevsk-na-amure,3.31,22.63,83.0,76.0
755,19.68486710578668,-1.9691995266286426,755.0,inongo,1.3,86.26,68.0,8.0
756,128.71753612746232,-1.3941073284472054,756.0,amahai,4.38,80.86,100.0,20.0
761,-72.8641227872734,6.6360020385564695,761.0,molagavita,4.7,73.4,83.0,20.0
765,-82.12233590695172,39.201983111415245,765.0,athens,6.93,57.2,50.0,1.0
772,179.3095969671424,70.12678338997404,772.0,leningradskiy,13.89,12.37,87.0,56.0
777,-16.77657470699566,9.754536847776478,777.0,bubaque,4.7,91.4,29.0,0.0
782,112.27122120875185,37.39994539435729,782.0,taiyuan,13.42,59.0,67.0,75.0
788,-128.22870524104002,13.501882844157777,788.0,constitucion,10.29,62.6,42.0,40.0
792,124.57875892073088,40.892024756809576,792.0,kuandian,2.48,52.96,75.0,92.0
799,25.923418206874743,61.468033901774106,799.0,heinola,8.05,48.2,76.0,90.0
805,38.73316961874181,4.524012559853176,805.0,mega,3.31,66.73,94.0,80.0
809,153.76745985499633,-10.749239742178219,809.0,samarai,9.42,83.02,100.0,88.0
811,81.14114584003039,23.12376804570404,811.0,dindori,6.22,78.61,28.0,0.0
812,126.45916780666118,5.237643353918969,812.0,sarangani,13.11,83.2,99.0,0.0
813,-138.6040720665671,71.17401102511249,813.0,aklavik,1.81,-14.52,75.0,40.0
816,2.099049558368904,44.37480437936776,816.0,villefranche-de-rouergue,14.99,76.28,31.0,0.0
818,-4.744790176736018,4.110217413056887,818.0,grand-lahou,9.08,87.07,76.0,8.0
819,-72.01867731456102,29.818527954205678,819.0,marsh harbour,12.93,77.08,97.0,12.0
828,117.92540899032309,65.0873778530999,828.0,nyurba,8.12,34.78,54.0,76.0
838,109.97739174705987,32.90596536470697,838.0,shiyan,1.86,63.76,92.0,76.0
841,56.68569599104197,42.618091695867406,841.0,akdepe,4.7,71.56,27.0,0.0
846,-177.3407118720602,62.844385118867024,846.0,egvekinot,2.26,-1.94,68.0,0.0
848,140.09253901186128,-16.04203576680038,848.0,alyangula,10.58,83.38,99.0,0.0
853,17.68199056902364,-6.373043077246038,853.0,kasongo-lunda,2.48,84.37,58.0,36.0
855,-20.045390511856027,52.103566329877765,855.0,dingle,9.75,79.87,83.0,12.0
856,22.95526587162135,62.03909390693309,856.0,kankaanpaa,18.34,44.6,65.0,88.0
859,85.29567949826713,34.007526616542435,859.0,jumla,1.97,31.63,83.0,8.0
860,-21.10805344418452,62.6494708108693,860.0,vestmannaeyjar,17.22,42.8,100.0,75.0
862,109.09640147311791,-4.836488816187639,862.0,indramayu,2.71,69.79,98.0,88.0
866,-94.64303117000574,29.899192554675977,866.0,liberty,3.36,48.52,37.0,1.0
868,-44.49448928712059,-33.154897392906115,868.0,laguna,3.09,60.8,48.0,20.0
874,-7.34245270719228,3.565554909767229,874.0,tabou,6.51,82.03,100.0,56.0
875,29.60815026299926,-3.132575355627793,875.0,muramvya,1.97,67.63,95.0,56.0
876,133.6149306883865,63.84211861596282,876.0,churapcha,4.99,23.53,63.0,64.0
878,-118.57463539261607,43.944148551969164,878.0,baker city,5.82,47.41,61.0,40.0
880,173.12507206310732,-40.13976125562487,880.0,takaka,13.04,56.56,91.0,24.0
881,142.10897638595748,36.915342619461114,881.0,iwaki,6.51,58.18,68.0,0.0
884,-104.92237462784666,48.75293705998624,884.0,sidney,14.99,44.55,75.0,1.0
885,141.1170566074664,-19.62061503509581,885.0,mount isa,3.36,77.0,44.0,0.0
886,-58.9172028950357,-31.20919281431845,886.0,concordia,5.82,80.6,74.0,40.0
889,179.90482365865182,-57.30948978702426,889.0,dunedin,17.69,43.51,75.0,8.0
892,-87.73947836208708,11.367382013537892,892.0,corinto,6.29,81.4,60.0,8.0
893,77.32159504143488,33.02021321042582,893.0,manali,1.07,7.51,97.0,12.0
896,-66.9235380155865,-25.263891357713717,896.0,salta,3.36,73.62,73.0,40.0
902,-117.24978515010366,47.22386159451125,902.0,cheney,17.22,48.94,61.0,90.0
903,8.215872290284864,63.748038017093506,903.0,sistranda,31.09,42.8,87.0,75.0
904,-124.33879319699219,12.644563467025975,904.0,cabo san lucas,9.17,66.2,63.0,40.0
907,-108.57778423251996,24.545099017683526,907.0,la reforma,2.26,81.66,69.0,0.0
908,64.19139980053004,64.61098446799787,908.0,muzhi,7.63,15.7,84.0,76.0
916,-120.29606827474296,21.155788706134288,916.0,guerrero negro,3.31,60.61,55.0,92.0
925,-99.87573528109775,-26.5979601634657,925.0,pisco,3.27,71.6,73.0,0.0
930,49.837388524873546,60.23945145283463,930.0,letka,10.29,72.48,22.0,0.0
931,8.812817048839491,47.23236401721434,931.0,rapperswil,2.24,77.88,29.0,0.0
933,112.67825566580063,68.58573481311669,933.0,udachnyy,6.06,26.77,82.0,36.0
937,70.55113751068853,35.67746362327122,937.0,nuristan,9.17,75.2,17.0,0.0
939,24.07852652188717,70.21008279026012,939.0,rypefjord,8.05,33.8,69.0,0.0
940,57.333279574040745,7.679592895703394,940.0,bandarbeyla,6.11,83.38,100.0,0.0
941,139.15320381600458,34.766100683521245,941.0,ito,18.19,63.49,93.0,0.0
942,-132.00758787297863,31.62343248774367,942.0,half moon bay,4.7,48.42,93.0,1.0
943,152.94820429047047,-38.7707525039056,943.0,batemans bay,2.82,59.26,100.0,80.0
947,-104.53436233778802,47.05575377153508,947.0,glendive,14.99,42.8,81.0,1.0
948,-100.94733107253832,23.546200055937916,948.0,matehuala,3.31,61.24,71.0,12.0
950,29.506850815778392,11.217632886754402,950.0,kaduqli,4.09,99.49,22.0,64.0
953,-160.6945749153294,15.555896835379727,953.0,makakilo city,8.05,70.74,77.0,1.0
954,13.499193736025234,68.64867089027854,954.0,gravdal,4.7,46.4,87.0,75.0
956,175.97492434304252,-47.77872905165442,956.0,christchurch,5.82,48.2,81.0,0.0
967,-118.68876626193783,55.986910031862266,967.0,spirit river,5.82,35.6,90.0,90.0
968,-53.36598250824777,46.123299138848466,968.0,bay roberts,21.92,39.2,76.0,75.0
971,59.90912413423081,37.5700350674782,971.0,kaka,7.63,68.8,40.0,92.0
975,-55.35984041574268,-14.704050459878658,975.0,chapada dos guimaraes,3.36,80.6,83.0,40.0
982,48.271869388890394,32.154991651596575,982.0,shush,12.44,46.66,63.0,32.0
983,-24.278937066010997,-33.59829672156253,983.0,sao joao da barra,2.24,78.8,57.0,75.0
984,30.586555954784416,-1.2403596026270236,984.0,mbarara,3.31,71.5,94.0,64.0
986,-106.42345997781862,49.41632415719317,986.0,assiniboia,7.34,52.33,62.0,0.0
989,-125.4830525136171,21.844314382342574,989.0,san quintin,2.53,72.67,81.0,8.0
992,-14.852159915680431,35.96260211191495,992.0,camacha,26.4,66.2,68.0,40.0
1014,-32.046424262743216,43.829243578827686,1014.0,lagoa,13.87,62.6,88.0,40.0
1018,-12.626943805142133,9.574697577909305,1018.0,kukuna,8.41,96.25,39.0,0.0
1019,28.73274009948412,41.782766193544546,1019.0,durusu,8.05,63.93,48.0,75.0
1023,89.14698640184702,62.10812164431246,1023.0,teya,6.93,77.0,88.0,40.0
1026,8.767856621491234,46.34311924490339,1026.0,minusio,5.82,80.04,41.0,0.0
1033,48.852027519436064,45.04995576955184,1033.0,kirovskiy,4.76,41.71,56.0,8.0
1037,-111.4011964809589,43.38407333145932,1037.0,ammon,6.73,37.24,64.0,1.0
1039,117.1135564063643,51.86844903204431,1039.0,priiskovyy,5.73,39.01,61.0,36.0
1041,152.64208630692247,-6.81462562667808,1041.0,kokopo,6.4,79.87,100.0,48.0
1045,-68.78258008211799,-25.27254127998654,1045.0,diego de almagro,3.6,67.9,87.0,32.0
1047,21.28797716418626,34.96667848381637,1047.0,methoni,8.05,73.4,40.0,20.0
1049,-86.62427631266897,17.078773798328697,1049.0,french harbor,16.11,80.6,83.0,20.0
1054,-63.20910891375205,-26.41464713173238,1054.0,santiago del estero,13.78,88.24,57.0,0.0
1066,117.81040230230354,3.6281767312111697,1066.0,tarakan,4.99,82.39,97.0,8.0
1067,21.40809347536822,-3.7029454412250544,1067.0,ilebo,2.82,86.89,65.0,12.0
1070,126.77295268904203,43.66489846191416,1070.0,jilin,8.3,44.95,55.0,24.0
1071,-152.21422886982762,-25.110015853927862,1071.0,avera,6.93,61.16,48.0,1.0
1072,85.39536699633771,45.30735599843453,1072.0,baijiantan,4.72,51.79,37.0,0.0
1075,-58.11107567012432,-41.966095896898054,1075.0,necochea,5.84,77.8,81.0,8.0
1077,145.21348077882385,-4.772580468117624,1077.0,madang,1.07,75.73,100.0,48.0
1078,-83.97821835583841,44.14023997203816,1078.0,bay city,5.82,46.99,45.0,1.0
1080,162.47130801850108,-19.20379374385577,1080.0,poum,0.81,62.59,49.0,8.0
1083,96.58109642340906,23.210791206712557,1083.0,mogok,0.69,68.17,80.0,0.0
1085,137.34202586330292,-27.80972572079351,1085.0,port augusta,4.7,66.2,82.0,40.0
1088,138.104308775179,32.84927306525631,1088.0,oyama,5.82,59.0,82.0,0.0
1090,-51.1139385863076,-3.7967538151262232,1090.0,altamira,5.82,82.4,83.0,75.0
1096,-3.318571174001164,49.652077569192784,1096.0,torquay,10.29,66.2,63.0,20.0
1111,49.05619926929458,-10.997989674603232,1111.0,ambilobe,3.87,75.37,97.0,44.0
1114,27.967254875217264,20.276604143235204,1114.0,marawi,1.3,69.52,99.0,76.0
1117,-45.6769853910298,-10.77492227955321,1117.0,corrente,5.55,76.54,68.0,76.0
1119,143.87122718657486,36.81242269622676,1119.0,namie,6.73,56.65,76.0,0.0
1120,116.04190749168367,18.446484760009156,1120.0,catuday,4.05,81.04,96.0,24.0
1122,175.06023679959088,62.89851604850031,1122.0,anadyr,4.47,14.0,78.0,0.0
1123,26.15268820486807,16.532592786942786,1123.0,kutum,5.21,94.45,10.0,0.0
1126,-62.82001478625982,-46.707561808466224,1126.0,rawson,10.09,67.81,33.0,12.0
1132,176.7408349232636,-45.968830784269464,1132.0,waipawa,21.43,56.2,76.0,64.0
1133,21.43782854896068,30.033042227659692,1133.0,awjilah,14.61,88.96,24.0,0.0
1138,38.1584229152609,-0.266783874593159,1138.0,chuka,2.86,75.19,87.0,68.0
1154,157.47523413950552,51.34939505046901,1154.0,ozernovskiy,3.53,25.87,97.0,80.0
1155,10.545917968198154,67.21353207631523,1155.0,sorland,2.75,42.07,99.0,92.0
1162,153.98383953262294,52.87496989637788,1162.0,oktyabrskiy,20.13,61.18,45.0,40.0
1166,44.152952349822726,-5.451257682829436,1166.0,micheweni,17.36,82.75,100.0,20.0
1170,75.1626519733401,5.23228695129157,1170.0,naifaru,9.91,85.0,100.0,68.0
1175,-23.63993502730321,12.902546838440713,1175.0,praia,6.93,71.6,60.0,75.0
1178,71.89033111444843,31.764914033909236,1178.0,dullewala,10.31,76.81,42.0,0.0
1179,5.565975654942889,5.628184279893389,1179.0,warri,10.58,83.2,82.0,92.0
1183,125.88958110761683,1.5490358337338392,1183.0,bitung,2.24,77.0,94.0,20.0
1185,72.79071726032939,22.915020021609095,1185.0,mahemdavad,4.7,95.0,16.0,0.0
1188,-96.61589851906696,34.65350891625272,1188.0,ada,6.93,40.55,80.0,40.0
1190,127.39929989736186,-12.16720785397355,1190.0,port keats,10.13,80.77,71.0,0.0
1194,33.775517602978795,-10.287498948127322,1194.0,karonga,8.63,77.35,100.0,20.0
1199,48.18518690346039,10.525324587850818,1199.0,bosaso,10.36,83.56,96.0,8.0
1205,-77.06043796124483,7.1387059611531924,1205.0,riosucio,4.7,71.6,83.0,40.0
1209,-103.99854644060527,34.25178994401111,1209.0,portales,14.99,45.23,100.0,90.0
1213,63.50834063572913,26.072708070201358,1213.0,turbat,9.57,85.54,17.0,0.0
1216,52.495501986754874,44.83203389264821,1216.0,shetpe,10.87,55.39,57.0,48.0
1223,86.63412423769614,56.807194319013405,1223.0,zyryanskoye,15.9,50.53,69.0,76.0
1228,-59.75063342089793,-40.568218176503606,1228.0,tres arroyos,5.61,76.27,76.0,0.0
1237,-80.29191697631919,-9.564770547610323,1237.0,chimbote,2.53,67.9,87.0,8.0
1238,-91.10978684754156,25.1724599856676,1238.0,progreso,4.7,70.84,94.0,75.0
1240,130.85997167130034,-18.31340825477929,1240.0,kununurra,3.36,77.0,73.0,75.0
1244,31.84886046653523,77.54036399770891,1244.0,vardo,3.36,45.63,49.0,1.0
1246,45.59419187423396,63.38699564579801,1246.0,verkhnyaya toyma,9.75,29.74,57.0,64.0
1248,-82.39888076670745,10.379945964148476,1248.0,limon,7.4,32.0,100.0,90.0
1249,154.60572141311042,-8.983043897142252,1249.0,gizo,13.87,70.74,73.0,75.0
1250,7.883389635380638,3.7754906559841572,1250.0,luba,2.53,72.67,81.0,8.0
1252,28.892325887607797,-25.177785794874282,1252.0,siyabuswa,3.04,75.46,44.0,0.0
1257,6.562196688247241,-20.48632350530808,1257.0,opuwo,7.11,87.97,23.0,0.0
1259,120.68583886489807,-10.973149275945389,1259.0,waingapu,8.52,76.36,93.0,12.0
1267,152.80521291537724,-17.141866552813852,1267.0,bowen,4.7,68.0,88.0,0.0
1268,28.701552669324798,58.805340253997144,1268.0,kingisepp,13.27,46.39,79.0,48.0
1270,97.54799972283666,7.916029298666189,1270.0,kathu,6.22,80.77,27.0,0.0
1278,84.90385845187063,66.27821057551708,1278.0,igarka,7.0,8.14,73.0,36.0
1280,38.98929658245723,16.184057287125412,1280.0,ginda,1.52,45.67,84.0,0.0
1286,-96.66408007274433,52.56810310630513,1286.0,gimli,10.8,43.87,79.0,0.0
1287,-104.49508508852614,18.541028095808045,1287.0,manzanillo,15.68,79.69,100.0,0.0
1289,116.18179971042855,-32.62995837047683,1289.0,mandurah,10.29,68.0,82.0,75.0
1300,-53.581284352969675,42.90630641671197,1300.0,marystown,25.34,38.65,83.0,20.0
1301,6.134869913647947,10.041840717265515,1301.0,minna,6.62,90.67,67.0,12.0
1302,-44.485487812794275,-25.967928843633032,1302.0,ilhabela,2.48,76.09,96.0,0.0
1304,-28.643369211295322,38.75117038106487,1304.0,horta,6.93,73.35,38.0,20.0
1310,22.095072021463352,64.9763404610035,1310.0,lulea,4.7,33.8,97.0,90.0
1311,-45.35369754022969,0.36048307587910244,1311.0,carutapera,8.86,84.55,80.0,48.0
1312,127.97464514216432,31.502409598385356,1312.0,fukue,5.82,62.6,93.0,0.0
1316,14.27511222826459,22.228834917059103,1316.0,marzuq,7.78,79.69,31.0,0.0
1318,-80.21905745549643,45.49340351118846,1318.0,parry sound,3.53,46.84,44.0,0.0
1320,67.59655573756163,69.37039556313925,1320.0,aksarka,10.25,15.88,83.0,64.0
1322,-9.395156994613416,5.497013319000899,1322.0,buchanan,6.55,82.4,78.0,75.0
1328,-36.275581697751676,14.647963641082342,1328.0,porto novo,2.24,71.6,60.0,20.0
1331,67.29703744354123,73.28301585687854,1331.0,sovetskiy,19.6,37.39,77.0,88.0
1333,91.46138436234924,24.430651806284658,1333.0,habiganj,7.34,72.94,98.0,0.0
1336,31.90579870037874,-11.999308028220184,1336.0,mpika,10.76,79.33,33.0,0.0
1342,14.424662911790023,62.2641046956964,1342.0,ostersund,21.92,41.0,70.0,90.0
1355,172.77567728847708,-11.17403108810339,1355.0,sola,11.41,46.4,87.0,75.0
1358,40.77093361701529,45.69730920688539,1358.0,dmitriyevskaya,4.61,59.53,60.0,0.0
1359,-84.96590125478455,-28.773347894123837,1359.0,coquimbo,2.24,53.6,100.0,90.0
1362,75.4174150066984,25.678511381085073,1362.0,devli,9.17,89.6,18.0,0.0
1366,129.1531704891865,3.7445658207315944,1366.0,ternate,6.93,86.0,70.0,20.0
1367,100.21225322205805,28.59746348033846,1367.0,xichang,1.74,61.78,51.0,36.0
1368,-73.37526353489679,43.132477279205716,1368.0,bennington,6.93,44.33,52.0,1.0
1369,-68.06251120741057,-33.06260961764691,1369.0,san martin,3.36,48.96,100.0,90.0
1377,-74.12237479642219,-11.995850019354194,1377.0,ayna,11.41,68.0,45.0,0.0
1389,97.1232485692002,10.880244169127764,1389.0,ranong,3.38,84.37,100.0,68.0
1395,-14.578818857596843,9.367627610558358,1395.0,conakry,13.87,86.0,66.0,20.0
1399,-48.436162096239684,72.17921425828871,1399.0,ilulissat,3.36,24.8,79.0,90.0
1401,12.108593379605566,6.156144021229409,1401.0,tibati,3.31,85.09,56.0,12.0
1402,43.186452701679,64.511052005674,1402.0,pinega,6.55,31.27,54.0,32.0
1403,31.801178965892973,-32.24409333772596,1403.0,margate,2.59,51.8,93.0,48.0
1404,-66.83284475152578,-48.036787736363,1404.0,comodoro rivadavia,8.05,59.0,44.0,0.0
1406,-1.4313427550253834,7.015589572573191,1406.0,mampong,8.57,92.11,60.0,12.0
1407,-142.55281413108963,64.00281164390137,1407.0,fairbanks,7.74,20.03,79.0,90.0
1408,-92.59223744015505,13.826975036107243,1408.0,ocos,4.88,81.54,69.0,0.0
1413,-101.72847213027624,15.848778551955505,1413.0,petatlan,4.76,75.2,83.0,20.0
1417,145.75229128323167,-8.385782048679431,1417.0,kerema,2.48,72.85,100.0,80.0
1419,155.91399473153695,58.59360603179428,1419.0,tigil,3.04,22.27,87.0,88.0
1420,-48.327734822204974,11.441064897710717,1420.0,sinnamary,8.86,79.42,100.0,88.0
1426,135.1341438933572,53.92422176489629,1426.0,chumikan,3.31,21.46,74.0,12.0
1431,83.38586534581617,58.51886378560664,1431.0,kolpashevo,13.78,41.17,90.0,76.0
1434,34.899675191098794,46.95614131342148,1434.0,vesele,11.32,67.54,30.0,0.0
1436,-91.49832657103887,34.29866267653554,1436.0,stuttgart,6.93,78.8,29.0,0.0
1439,1.2180325795081046,45.33408174066713,1439.0,brive-la-gaillarde,9.17,82.4,20.0,0.0
1441,-108.88474076470874,49.46811314143898,1441.0,shaunavon,11.03,49.18,55.0,24.0
1442,140.27749325106555,-10.861682286744838,1442.0,merauke,10.65,79.42,95.0,12.0
1443,115.29341457442132,35.88883294251602,1443.0,puyang,7.29,66.64,100.0,92.0
1446,98.18386309665306,17.475388246198406,1446.0,mae ramat,2.04,79.06,59.0,0.0
1447,102.09610538936477,-8.771996658350716,1447.0,labuhan,2.19,75.64,94.0,36.0
1449,-100.47622171966351,4.893434361690481,1449.0,puerto escondido,7.85,80.6,65.0,5.0
1451,55.48845481611764,4.943093497923556,1451.0,eyl,6.33,81.04,100.0,12.0
1452,-118.90585650274909,40.17446770744323,1452.0,fernley,3.09,40.6,74.0,1.0
1455,-38.66123402213108,-40.450184067204525,1455.0,cidreira,5.77,73.21,92.0,88.0
1459,-84.83747908754054,16.76897536758949,1459.0,punta de piedra,2.26,71.41,89.0,80.0
1462,95.2275626965241,30.82937123932517,1462.0,along,1.19,62.32,98.0,92.0
1465,27.752259080829106,16.943587855781118,1465.0,umm kaddadah,4.61,101.56,6.0,0.0
1468,142.71780599435897,54.00612307956865,1468.0,okha,3.27,23.26,89.0,76.0
1473,126.24259145621664,36.52204051621639,1473.0,seoul,1.12,56.84,50.0,0.0
1475,-101.23127240497138,43.48928900217422,1475.0,pierre,4.7,42.8,93.0,1.0
1478,-62.08512937227255,8.045058042075055,1478.0,upata,9.31,88.42,47.0,0.0
1484,-94.08622701841497,40.325428755832064,1484.0,maryville,6.93,49.53,39.0,75.0
1490,-142.8076780538376,-15.52919481772281,1490.0,tautira,3.36,78.8,74.0,0.0
1494,-56.20440786480603,-29.91292265911271,1494.0,alegrete,13.27,82.03,79.0,48.0
1499,10.32131943282613,40.82653899197672,1499.0,siniscola,11.41,75.2,41.0,0.0
1502,175.94942425090414,-20.529601780403212,1502.0,isangel,16.35,78.16,100.0,88.0
1505,143.56822073551444,-37.709973927236256,1505.0,ballarat,4.61,49.36,80.0,0.0
1506,-46.22467312317494,-37.90460446083438,1506.0,rio grande,1.12,75.2,83.0,40.0
1514,-75.3823209500399,4.747312482375293,1514.0,salento,4.7,71.6,83.0,40.0
1516,-61.84063647941878,-39.93885762842325,1516.0,punta alta,9.17,83.3,58.0,0.0
1520,-28.236678457174378,-2.9397908055952797,1520.0,natal,9.17,84.2,66.0,75.0
1522,-99.22814045310629,45.31016069812813,1522.0,aberdeen,5.82,44.6,75.0,1.0
1525,-147.09721542725183,69.19136577308899,1525.0,college,7.74,20.03,79.0,90.0
1533,0.07097927201277798,48.18350522765857,1533.0,le mans,9.17,81.39,39.0,88.0
1537,18.32769241249366,8.83052118599619,1537.0,sarh,13.87,102.2,29.0,20.0
1539,12.541524758148,31.569316135771743,1539.0,mizdah,9.8,80.14,26.0,0.0
1540,-54.169790519697344,69.354920426648,1540.0,kangaatsiaq,4.61,23.53,100.0,12.0
1545,70.35811741873812,28.77505239403429,1545.0,zahir pir,3.31,74.2,30.0,0.0
1547,53.14481882513476,41.186715110614045,1547.0,balkanabat,4.27,65.56,49.0,0.0
1550,-48.85943121385395,66.16122639974927,1550.0,nuuk,12.75,32.0,100.0,40.0
1552,6.4261593641869865,40.07742716500448,1552.0,alghero,9.17,69.8,60.0,0.0
1555,1.9069609680089457,26.116664266518242,1555.0,adrar,8.05,89.6,10.0,0.0
1556,33.733233082775456,10.739069522292965,1556.0,asosa,6.78,86.98,32.0,64.0
1557,67.56017696337082,63.70162816355213,1557.0,oktyabrskoye,9.31,48.55,81.0,92.0
1559,84.86345412198875,44.761566751088765,1559.0,kuytun,6.55,40.36,69.0,0.0
1564,37.505219085867935,-7.168825403373148,1564.0,kisanga,4.76,78.07,58.0,0.0
1566,-56.75772654797886,47.29324879310536,1566.0,miquelon,29.97,37.4,69.0,75.0
1567,116.68105617169681,15.721491043439642,1567.0,aloleng,4.05,81.04,96.0,24.0
1576,122.55537554729648,12.63893019483703,1576.0,magdiwang,10.09,83.02,98.0,80.0
1577,-72.9454447504813,7.7926179421407085,1577.0,cachira,4.7,78.67,58.0,20.0
1578,46.67447189209693,4.946481725994602,1578.0,hobyo,4.76,81.76,95.0,0.0
1579,132.5711988841723,0.5752366770173722,1579.0,sorong,3.04,80.68,100.0,44.0
1585,82.63231666830029,26.285571831315636,1585.0,jalalpur,9.42,85.99,29.0,0.0
1586,26.907451241010705,38.07303394312885,1586.0,urla,19.46,69.26,32.0,20.0
1597,-21.527518318489058,14.061103943005236,1597.0,vila do maio,20.8,75.2,50.0,40.0
1600,-7.500751089659531,53.18407770890758,1600.0,tullamore,12.75,66.2,39.0,20.0
1601,84.5088598775277,25.928501122167077,1601.0,reoti,9.53,85.09,25.0,0.0
1604,-107.8660492221222,44.619107309433616,1604.0,worland,3.36,40.77,75.0,1.0
1605,144.04875993328864,-1.0928661616235047,1605.0,wewak,2.48,76.09,99.0,80.0
1609,134.8480619816154,33.37190842632306,1609.0,anan,0.96,54.76,84.0,0.0
1615,113.99294249042345,37.590900018167886,1615.0,luancheng,8.95,55.4,100.0,90.0
1622,51.051935475361404,22.668081885561236,1622.0,abu samrah,4.21,59.26,100.0,20.0
1623,38.21961163955655,-10.737196778513379,1623.0,nangomba,8.08,83.83,57.0,8.0
1625,-158.83672883989715,20.374483891436356,1625.0,nanakuli,4.7,70.74,88.0,1.0
1629,31.223920253263856,41.545785435700765,1629.0,eregli,12.03,49.27,63.0,24.0
1652,50.49672627711587,64.84025544962745,1652.0,ust-tsilma,2.98,24.43,58.0,0.0
1658,73.48335517546974,7.276240154645237,1658.0,dhidhdhoo,6.89,87.34,97.0,32.0
1659,71.14562600960713,17.337679495297536,1659.0,srivardhan,9.31,83.83,59.0,0.0
1660,-45.559883350636056,64.13174503531624,1660.0,qaqortoq,4.7,42.8,97.0,75.0
1662,24.175865018695532,74.23901808113064,1662.0,havoysund,8.05,33.8,69.0,0.0
1665,136.34653905055404,64.62560469626288,1665.0,khandyga,4.27,25.24,59.0,80.0
1666,123.4572924951176,55.1591729440224,1666.0,takhtamygda,2.37,30.82,65.0,48.0
1670,26.354088356411182,0.12551157942078817,1670.0,kisangani,3.09,84.64,73.0,8.0
1671,-81.33714313538918,16.801378550604397,1671.0,bodden town,23.04,84.2,74.0,20.0
1674,16.503075176056228,-33.77183285322029,1674.0,saldanha,7.74,73.57,33.0,64.0
1678,94.47007690833635,8.093271164601333,1678.0,sabang,6.62,79.51,94.0,80.0
1682,41.48491130472496,60.541756369672186,1682.0,solginskiy,22.95,31.09,80.0,92.0
1685,148.18132067560907,49.14293651058267,1685.0,vostok,4.05,37.57,53.0,0.0
1690,-86.27080372603251,29.747362184896545,1690.0,destin,8.05,64.2,68.0,40.0
1696,142.2280277686172,-36.552963654628684,1696.0,horsham,4.09,53.68,85.0,0.0
1698,27.591021176329463,63.10205900775952,1698.0,siilinjarvi,6.93,37.4,69.0,90.0
1703,-48.834111640356184,-16.960692196719833,1703.0,bela vista de goias,6.93,80.6,51.0,20.0
1708,-73.3093191857801,-20.892034679171374,1708.0,iquique,13.87,69.8,64.0,0.0
1709,39.6510747282328,22.26722372446453,1709.0,mecca,4.7,102.2,27.0,0.0
1718,35.43532095503471,-15.594000165021882,1718.0,zomba,3.87,77.8,58.0,76.0
1721,151.21846621865507,-21.620086654476623,1721.0,yeppoon,6.93,69.8,83.0,92.0
1722,127.19272767767615,11.962373817420001,1722.0,hernani,14.99,79.27,30.0,0.0
1729,-21.564053546228365,46.54533185159792,1729.0,praia da vitoria,13.27,66.2,77.0,20.0
1733,2.9750616315697584,41.89899537143407,1733.0,sant feliu de guixols,14.99,73.4,40.0,20.0
1735,126.17297159716759,42.35940624213609,1735.0,huinan,8.75,48.73,100.0,92.0
1736,138.82699812721103,-5.421873711461998,1736.0,kiunga,2.04,73.57,99.0,92.0
1738,32.07249495921985,-6.546119491970643,1738.0,inyonga,3.27,72.04,89.0,56.0
1740,96.80177820829078,33.15420541285248,1740.0,tezu,1.59,59.08,98.0,100.0
1744,104.43010657309435,15.975245345654386,1744.0,amnat charoen,2.48,77.71,91.0,20.0
1745,41.87763794420292,5.775687140198258,1745.0,ginir,2.71,69.16,85.0,0.0
1747,113.31200481308196,38.81350983009955,1747.0,yuanping,2.98,55.03,100.0,92.0
1752,-87.33552605778338,32.3676458071421,1752.0,selma,3.09,50.58,82.0,1.0
1754,156.81057448854824,-16.580866751396186,1754.0,honiara,2.24,75.2,100.0,20.0
1763,40.22460182827214,-1.4400701895344667,1763.0,witu,14.34,85.81,64.0,12.0
1766,-39.590233032892684,-18.113345742286512,1766.0,mucuri,8.3,80.59,76.0,24.0
1767,38.1157578320846,-25.48430505051499,1767.0,inhambane,10.76,77.71,88.0,64.0
1773,126.61020238717407,-22.59712427674023,1773.0,yulara,4.7,77.0,22.0,0.0
1782,-42.237599303914465,-0.7303555406412698,1782.0,tutoia,10.29,87.8,70.0,20.0
1783,-28.423132695277275,-17.826129222776288,1783.0,belmonte,4.05,62.41,71.0,92.0
1792,-104.06716826332674,29.505464483392416,1792.0,ojinaga,10.87,65.47,14.0,0.0
1803,114.12892883414321,26.435720634867366,1803.0,jian,5.84,74.47,81.0,0.0
1804,1.54338212336188,72.11443349535247,1804.0,roald,18.34,47.84,81.0,75.0
1807,87.23342137888079,61.61988248379177,1807.0,belyy yar,6.71,51.8,32.0,0.0
1812,17.833901282160383,26.96209211916721,1812.0,waddan,12.88,85.0,21.0,0.0
1813,132.09022213379205,18.266770476824078,1813.0,gigmoto,7.29,81.04,100.0,92.0
1814,77.41580697358597,19.766390688051587,1814.0,kalamnuri,6.51,87.34,28.0,8.0
1819,-84.28611633468861,-8.334833343955523,1819.0,sechura,4.38,74.74,69.0,0.0
1822,43.793203142928405,57.27562258531327,1822.0,kovernino,16.28,47.47,94.0,92.0
1835,2.8939594958281987,42.831642327704856,1835.0,saint-esteve,11.41,71.6,53.0,0.0
1838,-72.08936137042035,37.89187654032325,1838.0,brigantine,8.05,49.24,40.0,1.0
1840,110.84090815042686,-0.9552954208918152,1840.0,pontianak,1.52,80.23,96.0,92.0
1842,113.31170032924109,3.418678503598059,1842.0,bintulu,3.36,78.8,94.0,75.0
1845,134.02307861545194,-26.777001502887096,1845.0,alice springs,10.54,68.0,34.0,0.0
1851,54.5512723120375,-12.764399904856617,1851.0,sambava,13.82,80.5,100.0,76.0
1852,-2.8360625227875857,37.864826575477,1852.0,huescar,8.08,66.91,41.0,48.0
1862,93.95373176633302,36.11915691266738,1862.0,yumen,7.52,56.56,30.0,88.0
1874,-62.24081837315936,10.317215948058063,1874.0,point fortin,16.11,84.2,70.0,40.0
1880,94.81453245908313,53.8700868436288,1880.0,aginskoye,6.78,37.66,57.0,12.0
1886,36.9736750207006,36.01918501350333,1886.0,aleppo,5.55,62.14,67.0,76.0
1893,10.314831879689024,18.36196848754338,1893.0,bilma,4.72,104.89,11.0,0.0
1899,60.655992780789546,61.63766718935662,1899.0,polunochnoye,5.5,28.12,43.0,56.0
1907,23.17737311464097,33.6475921830598,1907.0,darnah,10.31,64.03,100.0,0.0
1909,-159.83112634560354,15.645452327255512,1909.0,ewa beach,8.05,70.7,77.0,1.0
1912,-128.6678090234035,43.84550638479723,1912.0,north bend,8.05,46.17,93.0,90.0
1916,-5.049053824933651,37.13472167737754,1916.0,osuna,10.29,68.0,64.0,20.0
1930,49.936841887477044,19.450805415534987,1930.0,salalah,11.41,87.8,58.0,0.0
1938,144.2455002764051,-11.555256058396665,1938.0,daru,7.78,88.33,67.0,0.0
1940,-156.9760570771222,23.544996300694535,1940.0,ahuimanu,6.93,70.68,78.0,1.0
1941,40.719781759442554,59.97074178579473,1941.0,syamzha,23.22,33.43,92.0,92.0
1949,-67.37774921461467,6.278577248235976,1949.0,puerto carreno,3.83,79.69,81.0,20.0
1959,147.15310008346376,-30.185617433173135,1959.0,dubbo,12.75,62.6,72.0,8.0
1960,37.58611679301026,-14.629214877373073,1960.0,cuamba,7.52,74.74,79.0,0.0
1963,34.46598612371764,66.0800002417819,1963.0,umba,5.06,29.29,83.0,36.0
1965,-77.77015567283948,34.57363401325223,1965.0,jacksonville,9.17,67.51,93.0,90.0
1975,5.484309518234625,14.929468661025467,1975.0,tahoua,11.41,105.8,14.0,0.0
1981,70.29094182041771,3.6012546769659792,1981.0,mahibadhoo,9.91,83.47,100.0,92.0
1984,22.549875382357612,60.81597315382251,1984.0,sakyla,18.34,47.3,65.0,88.0
1987,92.43540294100882,52.52518201028053,1987.0,yermakovskoye,5.5,42.79,57.0,0.0
1991,-33.07345641934663,-7.251534318340617,1991.0,pitimbu,12.75,82.4,65.0,75.0
1992,33.20004096014068,-14.869059093048762,1992.0,lilongwe,8.01,76.09,53.0,88.0
1997,-27.747268396026897,-20.96046176215178,1997.0,caravelas,8.12,78.16,100.0,0.0
